player,squad,league,born,min,last_season
José Luis García Vayá,Valencia,La Liga,1998.0,9846.0,2026-2027
Igor,West Ham,Premier League,1998.0,7002.0,2025-2026
Musa Al-Taamari,Rennes,Ligue 1,1997.0,6104.0,2026-2027
Jonny Castro,Alavés,La Liga,1994.0,5787.0,2026-2027
Ohis Felix Uduokhai,Union Berlin,Bundesliga,1997.0,5428.0,2026-2027
Yehor Yarmoliuk,Brentford,Premier League,2004.0,5015.0,2026-2027
Kialonda,Lecce,Serie A,1997.0,4309.0,2026-2027
Igor Carioca,Lorient,Ligue 1,1996.0,3509.0,2025-2026
Renaud Ripart,Troyes,Ligue 1,1993.0,3487.0,2026-2027
Adrián de la Fuente,Levante,La Liga,1999.0,3231.0,2026-2027
Lucas,Burnley,Premier League,2001.0,2948.0,2025-2026
Danny Loader,Auxerre,Ligue 1,2000.0,2919.0,2026-2027
Heorhii Tsitaishvili,Rayo Vallecano,La Liga,2000.0,2651.0,2026-2027
Steffen Tigges,Paderborn 07,Bundesliga,1998.0,2573.0,2026-2027
Carlos Benavídez,Alavés,La Liga,1998.0,2086.0,2026-2027
Oliver Nielsen,Lazio,Serie A,2003.0,2021.0,2026-2027
Rubén,Elche,La Liga,2001.0,1942.0,2026-2027
Ximo Navarro,Dep. A Coruña,La Liga,1990.0,1879.0,2026-2027
Mickaël Cuisance,Lens,Ligue 1,1999.0,1855.0,2026-2027
Rahim Bonkano,Bologna,Serie A,2002.0,1848.0,2026-2027
Oliver Jensen,Parma,Serie A,2002.0,1840.0,2025-2026
Joaquín Martínez Gauna,Strasbourg,Ligue 1,2003.0,1832.0,2026-2027
Ilario Monterisi,Frosinone,Serie A,2001.0,1735.0,2026-2027
Anthony Oyono,Frosinone,Serie A,2001.0,1582.0,2026-2027
